Site,collection_date,sample_name,Indiv_ID,sample_type,wrongBC,SequenceBatch,Season,Month,Duplicated,barcode,Pop_ID,Date,perc_alig_low_mapper,batch,Species,Month.y,Year,missing
Colony,3/4/21,bc1099--bc1103-Q40.fastq,MSC_Colony_1_,sample,NA,2,Spring,March,no,NA,NA,NA,NA,NA,NA,NA,NA,NA
Colony,3/4/21,bc1097--bc1174-Q40.fastq,MSC_Colony_10_,sample,NA,2,Spring,March,no,NA,NA,NA,NA,NA,NA,NA,NA,NA
Colony,3/4/21,bc1098--bc1106-Q40.fastq,MSC_Colony_2_,sample,NA,2,Spring,March,no,NA,NA,NA,NA,NA,NA,NA,NA,NA
Colony,3/4/21,bc1099--bc1104-Q40.fastq,MSC_Colony_3_,sample,NA,2,Spring,March,no,NA,NA,NA,NA,NA,NA,NA,NA,NA
Colony,3/4/21,bc1099--bc1105-Q40.fastq,MSC_Colony_4_,sample,NA,2,Spring,March,no,NA,NA,NA,NA,NA,NA,NA,NA,NA
Colony,3/4/21,bc1099--bc1169-Q40.fastq,MSC_Colony_5_,sample,NA,2,Spring,March,no,NA,NA,NA,NA,NA,NA,NA,NA,NA
Colony,3/4/21,bc1097--bc1103-Q40.fastq,MSC_Colony_6_,sample,NA,2,Spring,March,no,NA,NA,NA,NA,NA,NA,NA,NA,NA
Colony,3/4/21,bc1097--bc1104-Q40.fastq,MSC_Colony_7_,sample,NA,2,Spring,March,no,NA,NA,NA,NA,NA,NA,NA,NA,NA
Colony,3/4/21,bc1097--bc1105-Q40.fastq,MSC_Colony_8_,sample,NA,2,Spring,March,no,NA,NA,NA,NA,NA,NA,NA,NA,NA
Colony,3/4/21,bc1097--bc1106-Q40.fastq,MSC_Colony_9_,sample,NA,2,Spring,March,no,NA,NA,NA,NA,NA,NA,NA,NA,NA
NA,NA,control_F1.fastq,control_F1,control,NA,3,NA,NA,no,NA,NA,NA,NA,NA,NA,NA,NA,NA
NA,NA,control_F12.fastq,control_F12,control,NA,3,NA,NA,no,NA,NA,NA,NA,NA,NA,NA,NA,NA
NA,NA,control_F16.fastq,control_F16,control,NA,3,NA,NA,no,NA,NA,NA,NA,NA,NA,NA,NA,NA
NA,NA,control_F34.fastq,control_F34,control,NA,3,NA,NA,no,NA,NA,NA,NA,NA,NA,NA,NA,NA
NA,NA,control_F60.fastq,control_F60,control,NA,3,NA,NA,no,NA,NA,NA,NA,NA,NA,NA,NA,NA
NA,NA,control_F61.fastq,control_F61,control,NA,3,NA,NA,no,NA,NA,NA,NA,NA,NA,NA,NA,NA
NA,NA,control_F64.fastq,control_F64,control,NA,3,NA,NA,no,NA,NA,NA,NA,NA,NA,NA,NA,NA
NA,NA,control_F69.fastq,control_F69,control,NA,3,NA,NA,no,NA,NA,NA,NA,NA,NA,NA,NA,NA
NA,NA,control_F74.fastq,control_F74,control,NA,3,NA,NA,no,NA,NA,NA,NA,NA,NA,NA,NA,NA
NA,NA,control_F79.fastq,control_F79,control,NA,3,NA,NA,no,NA,NA,NA,NA,NA,NA,NA,NA,NA
NA,NA,MikeCrossley-UGA-022421-bc1097--bc1105-Q40.fastq,NA,sample,missing,1,NA,NA,no,NA,NA,NA,NA,NA,NA,NA,NA,NA
NA,NA,MikeCrossley-UGA-022421-bc1099--bc1105-Q40.fastq,NA,sample,missing,1,NA,NA,no,NA,NA,NA,NA,NA,NA,NA,NA,NA
NA,NA,MikeCrossley-UGA-022421-bc1105--bc1111-Q40.fastq,NA,sample,missing,1,NA,NA,no,NA,NA,NA,NA,NA,NA,NA,NA,NA
NA,NA,MikeCrossley-UGA-022421-bc1111--bc1112-Q40.fastq,NA,sample,missing,1,NA,NA,no,NA,NA,NA,NA,NA,NA,NA,NA,NA
NA,NA,MikeCrossley-UGA-022421-bc1111--bc1169-Q40.fastq,NA,sample,missing,1,NA,NA,no,NA,NA,NA,NA,NA,NA,NA,NA,NA
NA,NA,unassigned.fastq,NA,NA,NA,3,NA,NA,no,NA,NA,NA,NA,NA,NA,NA,NA,NA
NA,NA,bc1099--bc1108-Q40.fastq,NA_,sample,NA,2,NA,NA,no,NA,NA,NA,NA,NA,NA,NA,NA,NA
Randolph Pivot,6/9/20,bc1098--bc1105-Q40.fastq,MSC20_21_1_,sample,NA,2,Summer,June,no,GTAGAGGA-AGAGGATA,RandolphP_20,6/9/20,0.21,1,Pbilineatus,6,20,0.014975042
Randolph Pivot,6/9/20,MikeCrossley-UGA-022421-bc1103--bc1112-Q40.fastq,MSC20_21_1_,sample,NA,1,Spring,June,yes,GTAGAGGA-AGAGGATA,RandolphP_20,6/9/20,0.21,1,Pbilineatus,6,20,0.014975042
Randolph Pivot,6/9/20,bc1098--bc1174-Q40.fastq,MSC20_21_2_,sample,NA,2,Spring,June,no,TAAGGCGA-TCTACTCT,RandolphP_20,6/9/20,0.14,1,Pbilineatus,6,20,0.015806988
Randolph Pivot,6/9/20,MikeCrossley-UGA-022421-bc1104--bc1112-Q40.fastq,MSC20_21_2_,sample,NA,1,Spring,June,yes,TAAGGCGA-TCTACTCT,RandolphP_20,6/9/20,0.14,1,Pbilineatus,6,20,0.015806988
Randolph Pivot,6/2/20,bc1099--bc1174-Q40.fastq,MSC20_25_1_,sample,NA,2,Spring,June,no,TCCTGAGC-AGAGGATA,RandolphP_20,6/2/20,0.35,1,Pbilineatus,6,20,0.017637271
Randolph Pivot,6/2/20,bc1100--bc1103-Q40.fastq,MSC20_25_2_,sample,NA,2,Spring,June,no,GGACTCCT-AGAGGATA,RandolphP_20,6/2/20,0.24,1,Pbilineatus,6,20,0.166056572
Randolph Pivot,6/2/20,MikeCrossley-UGA-022421-bc1106--bc1113-Q40.fastq,MSC20_25_2_,sample,NA,1,Spring,June,yes,GGACTCCT-AGAGGATA,RandolphP_20,6/2/20,0.24,1,Pbilineatus,6,20,0.166056572
Randolph Pivot,6/2/20,bc1100--bc1104-Q40.fastq,MSC20_25_3_,sample,NA,2,Spring,June,no,TAGGCATG-AGAGGATA,RandolphP_20,6/2/20,0.27,1,Pbilineatus,6,20,0.11530782
Randolph Pivot,6/30/20,bc1107--bc1112-Q40.fastq,MSC20_55_1_,sample,NA,2,Summer,June,no,GGACTCCT-TCTACTCT,RandolphP_20,6/30/20,0.85,1,Dlugubris,6,20,0.022462562
Randolph Pivot,6/30/20,bc1104--bc1113-Q40.fastq,MSC20_55_2_,sample,NA,2,Summer,June,no,TAGGCATG-TCTACTCT,RandolphP_20,6/30/20,0.18,1,Pbilineatus,6,20,0.025956739
Randolph Pivot,10/27/20,bc1097--bc1107-Q40.fastq,MSC20_69_1_,sample,NA,2,Fall,October,no,CTCTCTAC-TATGCAGT,RandolphP_20,10/27/20,0.84,1,Dlugubris,10,20,0.018635607
Randolph Pivot,9/1/20,bc1104--bc1114-Q40.fastq,MSC20_88_1_,sample,NA,2,Summer,September,no,GTAGAGGA-TCTACTCT,RandolphP_20,9/1/20,0.86,1,Dlugubris,9,20,0.084026622
Randolph Pivot,9/1/20,bc1114--bc1174-Q40.fastq,MSC20_88_3_,sample,NA,2,Summer,September,no,CGTACTAG-CTCCTTAC,RandolphP_20,9/1/20,0.87,1,Dlugubris,9,20,0.023960067
Randolph Pivot,9/1/20,bc1104--bc1115-Q40.fastq,MSC20_88_6_,sample,NA,2,Summer,September,no,GGACTCCT-CTCCTTAC,RandolphP_20,9/1/20,0.87,1,Dlugubris,9,20,0.021297837
Randolph Pivot,10/13/20,bc1107--bc1115-Q40.fastq,MSC20_91_2_,sample,NA,2,Fall,October,no,GGACTCCT-TATGCAGT,RandolphP_20,10/13/20,0.85,1,Dlugubris,10,20,0.028618968
Randolph Pivot,10/13/20,bc1108--bc1115-Q40.fastq,MSC20_91_3_,sample,NA,2,Fall,October,no,TAGGCATG-TATGCAGT,RandolphP_20,10/13/20,0.86,1,Dlugubris,10,20,0.013643927
Randolph Pivot,8/4/20,MikeCrossley-UGA-022421-bc1111--bc1175-Q40.fastq,MSC20_14_1_,sample,NA,1,Summer,August,no,NA,NA,NA,NA,NA,NA,NA,NA,NA
Randolph Pivot,7/22/20,MikeCrossley-UGA-022421-bc1103--bc1111-Q40.fastq,MSC20_16_1_,sample,NA,1,Summer,July,no,NA,NA,NA,NA,NA,NA,NA,NA,NA
Randolph Pivot,7/14/20,MikeCrossley-UGA-022421-bc1104--bc1111-Q40.fastq,MSC20_17_1_,sample,NA,1,Summer,July,no,NA,NA,NA,NA,NA,NA,NA,NA,NA
Randolph Pivot,7/28/20,MikeCrossley-UGA-022421-bc1106--bc1112-Q40.fastq,MSC20_19_1_,sample,NA,1,Summer,July,no,NA,NA,NA,NA,NA,NA,NA,NA,NA
Randolph Pivot,6/16/20,MikeCrossley-UGA-022421-bc1105--bc1115-Q40.fastq,MSC20_60_1_,sample,NA,1,Spring,June,no,NA,NA,NA,NA,NA,NA,NA,NA,NA
Randolph Shed,6/16/20,bc1100--bc1105-Q40.fastq,MSC20_27_1_,sample,NA,2,Spring,June,no,CAGAGAGG-TATGCAGT,RandolphS_20,6/16/20,0.12,1,Pbilineatus,6,20,0.018635607
Randolph Shed,6/16/20,bc1100--bc1106-Q40.fastq,MSC20_27_2_,sample,NA,2,Spring,June,no,GCTACGCT-TATGCAGT,RandolphS_20,6/16/20,0.12,1,Pbilineatus,6,20,0.084026622
Randolph Shed,6/16/20,MikeCrossley-UGA-022421-bc1106--bc1114-Q40.fastq,MSC20_27_2_,sample,NA,1,Spring,June,yes,GCTACGCT-TATGCAGT,RandolphS_20,6/16/20,0.12,1,Pbilineatus,6,20,0.084026622
Randolph Shed,6/30/20,bc1105--bc1113-Q40.fastq,MSC20_61_1_,sample,NA,2,Summer,June,no,TAGGCATG-TACTCCTT,RandolphS_20,6/30/20,0.17,1,Pbilineatus,6,20,0.069384359
Randolph Shed,6/30/20,MikeCrossley-UGA-022421-bc1115--bc1169-Q40.fastq,MSC20_61_1_,sample,NA,1,Summer,June,no,TAGGCATG-TACTCCTT,RandolphS_20,6/30/20,0.17,1,Pbilineatus,6,20,0.069384359
Randolph Shed,6/30/20,bc1106--bc1113-Q40.fastq,MSC20_61_2_,sample,NA,2,Summer,June,no,CTCTCTAC-TACTCCTT,RandolphS_20,6/30/20,0.15,1,Pbilineatus,6,20,0.093344426
Randolph Shed,10/13/20,bc1098--bc1108-Q40.fastq,MSC20_74_1_,sample,NA,2,Fall,October,no,GTTGAACC-GCGATCTA,RandolphS_20,10/13/20,0.96,1,Dlugubris,10,20,0.014309484
Randolph Shed,10/13/20,bc1099--bc1106-Q40.fastq,MSC20_74_2_,sample,NA,2,Fall,October,no,CCAAGCGA-GCGATCTA,RandolphS_20,10/13/20,0.97,1,Dlugubris,10,20,0.016472546
Randolph Shed,10/13/20,bc1103--bc1111-Q40.fastq,MSC20_74_3_,sample,NA,2,Fall,October,no,TAAGTTCG-GCGATCTA,RandolphS_20,10/13/20,0.97,1,Dlugubris,10,20,0.020133111
Randolph Shed,10/13/20,bc1104--bc1111-Q40.fastq,MSC20_74_4_,sample,NA,2,Fall,October,no,ATGCCGCT-GCGATCTA,RandolphS_20,10/13/20,0.97,1,Dlugubris,10,20,0.02296173
Randolph Shed,9/22/20,bc1111--bc1169-Q40.fastq,MSC20_80_1_,sample,NA,2,Fall,September,no,TCCTGAGC-AGGCTTAG,RandolphS_20,9/22/20,0.87,1,Dlugubris,9,20,0.01797005
Randolph Shed,9/22/20,bc1108--bc1111-Q40.fastq,MSC20_80_2_,sample,NA,2,Fall,September,no,GGACTCCT-AGGCTTAG,RandolphS_20,9/22/20,0.93,1,Dlugubris,9,20,0.023460899
Randolph Shed,9/22/20,bc1103--bc1112-Q40.fastq,MSC20_80_3_,sample,NA,2,Fall,September,no,TAGGCATG-AGGCTTAG,RandolphS_20,9/22/20,0.85,1,Dlugubris,9,20,0.016805324
Randolph Shed,9/22/20,bc1112--bc1175-Q40.fastq,MSC20_80_5_,sample,NA,2,Fall,September,no,CAGAGAGG-AGGCTTAG,RandolphS_20,9/22/20,0.88,1,Dlugubris,9,20,0.01797005
Randolph Shed,3/31/20,MikeCrossley-UGA-022421-bc1107--bc1111-Q40.fastq,MSC20_18_1_,sample,NA,1,Spring,March,no,NA,NA,NA,NA,NA,NA,NA,NA,NA
Randolph Shed,7/28/20,MikeCrossley-UGA-022421-bc1100--bc1103-Q40.fastq,MSC20_23_1_,sample,NA,1,Summer,July,no,NA,NA,NA,NA,NA,NA,NA,NA,NA
Randolph Shed,7/28/20,MikeCrossley-UGA-022421-bc1100--bc1107-Q40.fastq,MSC20_24_1_,sample,NA,1,Summer,July,no,NA,NA,NA,NA,NA,NA,NA,NA,NA
Randolph Shed,6/23/20,MikeCrossley-UGA-022421-bc1112--bc1175-Q40.fastq,MSC20_37_1_,sample,NA,1,Summer,June,no,NA,NA,NA,NA,NA,NA,NA,NA,NA
Randolph Shed,6/30/20,MikeCrossley-UGA-022421-bc1107--bc1115-Q40.fastq,MSC20_62_1_,sample,NA,1,Summer,June,no,NA,NA,NA,NA,NA,NA,NA,NA,NA
Worth1_20,6/29/20,bc1098--bc1103-Q40.fastq,MSC20_1_1_,sample,NA,2,Summer,June,yes,CAAGTGTC-AGAGGATA,Worth1_20,6/29/20,0.26,1,Pbilineatus,6,20,0.026289517
Worth1_20,6/29/20,MikeCrossley-UGA-022421-bc1098--bc1103-Q40.fastq,MSC20_1_1_,sample,yes,1,Summer,June,no,CAAGTGTC-AGAGGATA,Worth1_20,6/29/20,0.26,1,Pbilineatus,6,20,0.026289517
Worth1_20,6/29/20,bc1098--bc1104-Q40.fastq,MSC20_1_2_,sample,NA,2,Summer,June,no,GAGGTGTA-AGAGGATA,Worth1_20,6/29/20,0.16,1,Pbilineatus,6,20,0.013144759
Worth1_20,8/10/20,bc1105--bc1111-Q40.fastq,MSC20_33_1_,sample,NA,2,Summer,August,no,CAAGTGTC-TCTACTCT,Worth1_20,8/10/20,0.18,1,Pbilineatus,8,20,0.056073211
Worth1_20,8/10/20,MikeCrossley-UGA-022421-bc1097--bc1108-Q40.fastq,MSC20_33_1_,sample,NA,1,Summer,August,yes,CAAGTGTC-TCTACTCT,Worth1_20,8/10/20,0.18,1,Pbilineatus,8,20,0.056073211
Worth1_20,8/10/20,bc1106--bc1111-Q40.fastq,MSC20_33_2_,sample,NA,2,Summer,August,no,GAGGTGTA-TCTACTCT,Worth1_20,8/10/20,0.87,1,Dlugubris,8,20,0.074209651
Worth1_20,8/10/20,MikeCrossley-UGA-022421-bc1098--bc1105-Q40.fastq,MSC20_33_2_,sample,NA,1,Summer,August,yes,GAGGTGTA-TCTACTCT,Worth1_20,8/10/20,0.87,1,Dlugubris,8,20,0.074209651
Worth1_20,8/10/20,bc1111--bc1174-Q40.fastq,MSC20_33_3_,sample,NA,2,Summer,August,no,GAACACTG-TCTACTCT,Worth1_20,8/10/20,0.86,1,Dlugubris,8,20,0.110981697
Worth1_20,8/10/20,bc1104--bc1112-Q40.fastq,MSC20_33_4_,sample,NA,2,Summer,August,no,CATACGTA-TCTACTCT,Worth1_20,8/10/20,0.86,1,Dlugubris,8,20,0.090848586
Worth1_20,6/15/20,bc1106--bc1112-Q40.fastq,MSC20_50_1_,sample,NA,2,Summer,June,no,ATTCGTTG-ATAGAGAG,Worth1_20,6/15/20,0.15,1,Pbilineatus,6,20,0.100831947
Worth1_20,6/15/20,bc1112--bc1174-Q40.fastq,MSC20_50_2_,sample,NA,2,Spring,June,no,CCATATGT-ATAGAGAG,Worth1_20,6/15/20,0.17,1,Pbilineatus,6,20,0.018302829
Worth1_20,8/3/20,bc1098--bc1107-Q40.fastq,MSC20_7_4_,sample,NA,2,Summer,August,no,GTGCACAA-TCTACTCT,Worth1_20,8/3/20,0.3,1,Pbilineatus,8,20,0.019134775
Worth1_21,10/12/21,w1-1012-1.fastq,1_10_12_1,sample,NA,3,Fall,October,no,TCCTGAGC-AGAGGATA,Worth1_21,10/12/21,0.14,2,Pbilineatus,10,21,0.006988353
Worth1_21,10/5/21,w1-105-1.fastq,1_10_5_1,sample,NA,3,Fall,October,no,AGGCAGAA-AGGCTTAG,Worth1_21,10/5/21,0.83,2,Dlugubris,10,21,0.029617304
Worth1_21,10/5/21,w1-105-2.fastq,1_10_5_2,sample,NA,3,Fall,October,no,TCCTGAGC-GCGATCTA,Worth1_21,10/5/21,0.85,2,Dlugubris,10,21,0.01530782
Worth1_21,10/5/21,w1-105-3.fastq,1_10_5_3,sample,NA,3,Fall,October,no,TCCTGAGC-ATAGAGAG,Worth1_21,10/5/21,0.82,2,Dlugubris,10,21,0.013311148
Worth1_21,9/21/21,w1-921-1.fastq,1_9_21_1,sample,NA,3,Fall,September,no,TAAGGCGA-GCGATCTA,Worth1_21,9/21/21,0.82,2,Dlugubris,9,21,0.01014975
Worth1_21,9/21/21,w1-921-10.fastq,1_9_21_10,sample,NA,3,Fall,September,no,CGTACTAG-ATAGAGAG,Worth1_21,9/21/21,0.75,2,Dlugubris,9,21,0.024625624
Worth1_21,9/21/21,w1-921-11.fastq,1_9_21_11,sample,NA,3,Fall,September,no,CGTACTAG-AGAGGATA,Worth1_21,9/21/21,0.1,2,Pbilineatus,9,21,0.009151414
Worth1_21,9/21/21,w1-921-12.fastq,1_9_21_12,sample,NA,3,Fall,September,no,CGTACTAG-TCTACTCT,Worth1_21,9/21/21,0.84,2,Dlugubris,9,21,0.023960067
Worth1_21,9/21/21,w1-921-13.fastq,1_9_21_13,sample,NA,3,Fall,September,no,CGTACTAG-CTCCTTAC,Worth1_21,9/21/21,0.84,2,Dlugubris,9,21,0.719633943
Worth1_21,9/21/21,w1-921-14.fastq,1_9_21_14,sample,NA,3,Fall,September,no,CGTACTAG-TATGCAGT,Worth1_21,9/21/21,0.83,2,Dlugubris,9,21,0.046921797
Worth1_21,9/21/21,w1-921-15.fastq,1_9_21_15,sample,NA,3,Fall,September,no,CGTACTAG-TACTCCTT,Worth1_21,9/21/21,0.8,2,Dlugubris,9,21,0.009650582
Worth1_21,9/21/21,w1-921-2.fastq,1_9_21_2,sample,NA,3,Fall,September,no,TAAGGCGA-ATAGAGAG,Worth1_21,9/21/21,0.82,2,Dlugubris,9,21,0.621630616
Worth1_21,9/21/21,w1-921-3.fastq,1_9_21_3,sample,NA,3,Fall,September,no,TAAGGCGA-AGAGGATA,Worth1_21,9/21/21,0.82,2,Dlugubris,9,21,0.012146423
Worth1_21,9/21/21,w1-921-4.fastq,1_9_21_4,sample,NA,3,Fall,September,no,TAAGGCGA-TCTACTCT,Worth1_21,9/21/21,0.82,2,Dlugubris,9,21,0.009816972
Worth1_21,9/21/21,w1-921-5.fastq,1_9_21_5,sample,NA,3,Fall,September,no,TAAGGCGA-CTCCTTAC,Worth1_21,9/21/21,0.1,2,Pbilineatus,9,21,0.017637271
Worth1_21,9/21/21,w1-921-6.fastq,1_9_21_6,sample,NA,3,Fall,September,no,TAAGGCGA-TATGCAGT,Worth1_21,9/21/21,0.79,2,Dlugubris,9,21,0.023627288
Worth1_21,9/21/21,w1-921-7.fastq,1_9_21_7,sample,NA,3,Fall,September,no,TAAGGCGA-TACTCCTT,Worth1_21,9/21/21,0.84,2,Dlugubris,9,21,0.622628952
Worth1_21,9/21/21,w1-921-8.fastq,1_9_21_8,sample,NA,3,Fall,September,no,TAAGGCGA-AGGCTTAG,Worth1_21,9/21/21,0.83,2,Dlugubris,9,21,0.019301165
Worth1_21,9/21/21,w1-921-9.fastq,1_9_21_9,sample,NA,3,Fall,September,no,CGTACTAG-GCGATCTA,Worth1_21,9/21/21,0.11,2,Pbilineatus,9,21,0.626455907
Worth1_21,9/29/21,w1-929-1.fastq,1_9_29_1,sample,NA,3,Fall,September,no,CGTACTAG-AGGCTTAG,Worth1_21,9/29/21,0.86,2,Dlugubris,9,21,0.025291181
Worth1_21,9/29/21,w1-929-2.fastq,1_9_29_2,sample,NA,3,Fall,September,no,AGGCAGAA-GCGATCTA,Worth1_21,9/29/21,0.84,2,Dlugubris,9,21,0.027454243
Worth1_21,9/29/21,w1-929-3.fastq,1_9_29_3,sample,NA,3,Fall,September,no,AGGCAGAA-ATAGAGAG,Worth1_21,9/29/21,0.81,2,Dlugubris,9,21,0.008985025
Worth1_21,9/29/21,w1-929-4.fastq,1_9_29_4,sample,NA,3,Fall,September,no,AGGCAGAA-AGAGGATA,Worth1_21,9/29/21,0.78,2,Dlugubris,9,21,0.012146423
Worth1_21,9/29/21,w1-929-5.fastq,1_9_29_5,sample,NA,3,Fall,September,no,AGGCAGAA-TCTACTCT,Worth1_21,9/29/21,0.05,2,Pbilineatus,9,21,0.017637271
Worth1_21,9/29/21,w1-929-6.fastq,1_9_29_6,sample,NA,3,Fall,September,no,AGGCAGAA-CTCCTTAC,Worth1_21,9/29/21,0.83,2,Dlugubris,9,21,0.005324459
Worth1_21,9/30/21,w1-930-1.fastq,1_9_30_1,sample,NA,3,Fall,September,no,AGGCAGAA-TATGCAGT,Worth1_21,9/30/21,0.12,2,Pbilineatus,9,21,0.018801997
Worth1_21,9/30/21,w1-930-2.fastq,1_9_30_2,sample,NA,3,Fall,September,no,AGGCAGAA-TACTCCTT,Worth1_21,9/30/21,0.11,2,Pbilineatus,9,21,0.037603993
Worth1_20,6/8/20,MikeCrossley-UGA-022421-bc1097--bc1107-Q40.fastq,MSC20_32_1_,sample,NA,1,Spring,June,no,NA,Worth1_20,NA,NA,NA,NA,NA,NA,NA
Worth1_20,7/13/20,MikeCrossley-UGA-022421-bc1112--bc1174-Q40.fastq,MSC20_36_1_,sample,NA,1,Summer,July,no,NA,Worth1_20,NA,NA,NA,NA,NA,NA,NA
Worth1_20,4/27/20,MikeCrossley-UGA-022421-bc1108--bc1112-Q40.fastq,MSC20_40_1_,sample,NA,1,Spring,April,no,NA,Worth1_20,NA,NA,NA,NA,NA,NA,NA
Worth1_20,7/20/20,MikeCrossley-UGA-022421-bc1100--bc1174-Q40.fastq,MSC20_41_1_,sample,NA,1,Summer,July,no,NA,Worth1_20,NA,NA,NA,NA,NA,NA,NA
Worth1_20,7/6/20,MikeCrossley-UGA-022421-bc1113--bc1174-Q40.fastq,MSC20_44_2_,sample,yes,1,Summer,July,no,NA,Worth1_20,NA,NA,NA,NA,NA,NA,NA
Worth1_20,6/1/20,MikeCrossley-UGA-022421-bc1114--bc1174-Q40.fastq,MSC20_49_1_,sample,yes,1,Spring,June,no,NA,Worth1_20,NA,NA,NA,NA,NA,NA,NA
Worth1_20,6/15/20,MikeCrossley-UGA-022421-bc1103--bc1114-Q40.fastq,MSC20_51_1_,sample,yes,1,Spring,June,no,NA,Worth1_20,NA,NA,NA,NA,NA,NA,NA
Worth1_20,5/25/20,MikeCrossley-UGA-022421-bc1104--bc1114-Q40.fastq,MSC20_52_1_,sample,yes,1,Spring,May,no,NA,Worth1_20,NA,NA,NA,NA,NA,NA,NA
Worth1_20,8/3/20,MikeCrossley-UGA-022421-bc1097--bc1106-Q40.fastq,MSC20_8_1_,sample,NA,1,Summer,August,no,NA,Worth1_20,NA,NA,NA,NA,NA,NA,NA
Worth2_20,6/22/20,bc1100--bc1174-Q40.fastq,MSC20_3_1_,sample,NA,2,Summer,June,no,TAAGTTCG-CTCCTTAC,Worth2_20,6/22/20,0.18,1,Pbilineatus,6,20,0.019134775
Worth2_20,6/22/20,bc1100--bc1107-Q40.fastq,MSC20_3_2_,sample,NA,2,Summer,June,no,ATGCCGCT-CTCCTTAC,Worth2_20,6/22/20,0.3,1,Pbilineatus,6,20,0.038269551
Worth2_20,8/24/20,bc1113--bc1174-Q40.fastq,MSC20_65_1_,sample,NA,2,Summer,August,no,CCATATGT-AGGCTTAG,Worth2_20,8/24/20,0.87,1,Dlugubris,8,20,0.101830283
Worth2_20,8/24/20,bc1105--bc1114-Q40.fastq,MSC20_65_2_,sample,NA,2,Summer,August,no,GTTGAACC-AGGCTTAG,Worth2_20,8/24/20,0.87,1,Dlugubris,8,20,0.1
Worth2_20,8/24/20,bc1114--bc1169-Q40.fastq,MSC20_65_3_,sample,NA,2,Summer,August,no,CCAAGCGA-AGGCTTAG,Worth2_20,8/24/20,0.86,1,Dlugubris,8,20,0.118469218
Worth2_20,8/24/20,bc1108--bc1114-Q40.fastq,MSC20_65_4_,sample,NA,2,Summer,August,no,TAAGTTCG-AGGCTTAG,Worth2_20,8/24/20,0.85,1,Dlugubris,8,20,0.096173045
Worth2_20,9/7/20,bc1103--bc1115-Q40.fastq,MSC20_66_1_,sample,NA,2,Summer,September,no,ATGCCGCT-AGGCTTAG,Worth2_20,9/7/20,0.86,1,Dlugubris,9,20,0.015806988
Worth2_20,9/7/20,bc1097--bc1169-Q40.fastq,MSC20_66_2_,sample,NA,2,Fall,September,no,CAAGTGTC-AGGCTTAG,Worth2_20,9/7/20,0.87,1,Dlugubris,9,20,0.031114809
Worth2_20,8/17/20,bc1103--bc1113-Q40.fastq,MSC20_87_2_,sample,NA,2,Summer,August,no,CCATATGT-TACTCCTT,Worth2_20,8/17/20,0.85,1,Dlugubris,8,20,0.078868552
Worth2_20,8/17/20,bc1113--bc1169-Q40.fastq,MSC20_87_3_,sample,NA,2,Summer,August,no,GTTGAACC-TACTCCTT,Worth2_20,8/17/20,0.87,1,Dlugubris,8,20,0.068053245
Worth2_20,8/17/20,bc1107--bc1113-Q40.fastq,MSC20_87_4_,sample,NA,2,Summer,August,no,CCAAGCGA-TACTCCTT,Worth2_20,8/17/20,0.86,1,Dlugubris,8,20,0.059733777
Worth2_20,8/17/20,bc1108--bc1113-Q40.fastq,MSC20_87_5_,sample,NA,2,Summer,August,no,TAAGTTCG-TACTCCTT,Worth2_20,8/17/20,0.85,1,Dlugubris,8,20,0.062396007
Worth2_20,8/17/20,bc1103--bc1114-Q40.fastq,MSC20_87_6_,sample,NA,2,Summer,August,no,ATGCCGCT-TACTCCTT,Worth2_20,8/17/20,0.29,1,Pbilineatus,8,20,0.047920133
Worth2_20,6/29/20,bc1105--bc1115-Q40.fastq,MSC20_9_1_,sample,NA,2,Summer,June,no,GTTGAACC-TATGCAGT,Worth2_20,6/29/20,0.34,1,Pbilineatus,6,20,0.021464226
Worth2_20,6/29/20,bc1106--bc1115-Q40.fastq,MSC20_9_2_,sample,NA,2,Summer,June,no,CCAAGCGA-TATGCAGT,Worth2_20,6/29/20,0.14,1,Pbilineatus,6,20,0.016306156
Worth2_20,6/29/20,MikeCrossley-UGA-022421-bc1097--bc1104-Q40.fastq,MSC20_9_2_,sample,NA,1,Summer,June,yes,CCAAGCGA-TATGCAGT,Worth2_20,6/29/20,0.14,1,Pbilineatus,6,20,0.016306156
Worth2_20,6/29/20,bc1115--bc1174-Q40.fastq,MSC20_9_3_,sample,NA,2,Summer,June,no,TAAGTTCG-TATGCAGT,Worth2_20,6/29/20,0.24,1,Pbilineatus,6,20,0.023460899
Worth2_20,6/29/20,bc1115--bc1175-Q40.fastq,MSC20_9_4_,sample,NA,2,Summer,June,no,ATGCCGCT-TATGCAGT,Worth2_20,6/29/20,0.17,1,Pbilineatus,6,20,0.018635607
Worth2_21,10/5/21,w2-105-1.fastq,2_10_5_1,sample,NA,3,Fall,October,no,CAGAGAGG-ATAGAGAG,Worth2_21,10/5/21,0.84,2,Dlugubris,10,21,0.01547421
Worth2_21,7/21/21,w2-721-1.fastq,2_7_21_1,sample,NA,3,Summer,July,no,TCCTGAGC-TCTACTCT,Worth2_21,7/21/21,0.14,2,Pbilineatus,7,21,0.618968386
Worth2_21,7/21/21,w2-727-1.fastq,2_7_27_1,sample,NA,3,Summer,July,no,TCCTGAGC-CTCCTTAC,Worth2_21,7/27/21,0.1,2,Pbilineatus,7,21,0.042928453
Worth2_21,8/10/21,w2-810-1.fastq,2_8_10_1,sample,NA,3,Summer,August,no,TCCTGAGC-TATGCAGT,Worth2_21,8/10/21,0.11,2,Pbilineatus,8,21,0.011314476
Worth2_21,8/31/21,w2-831-1.fastq,2_8_31_1,sample,NA,3,Summer,August,no,TCCTGAGC-TACTCCTT,Worth2_21,8/31/21,0.78,2,Dlugubris,8,21,0.020965058
Worth2_21,8/31/21,w2-831-2.fastq,2_8_31_2,sample,NA,3,Summer,August,no,TCCTGAGC-AGGCTTAG,Worth2_21,8/31/21,0.79,2,Dlugubris,8,21,0.604825291
Worth2_21,8/31/21,w2-831-3.fastq,2_8_31_3,sample,NA,3,Summer,August,no,GGACTCCT-GCGATCTA,Worth2_21,8/31/21,0.81,2,Dlugubris,8,21,0.009983361
Worth2_21,8/31/21,w2-831-4.fastq,2_8_31_4,sample,NA,3,Summer,August,no,GGACTCCT-ATAGAGAG,Worth2_21,8/31/21,0.82,2,Dlugubris,8,21,0.013976705
Worth2_21,8/31/21,w2-831-5.fastq,2_8_31_5,sample,NA,3,Summer,August,no,GGACTCCT-AGAGGATA,Worth2_21,8/31/21,0.11,2,Pbilineatus,8,21,0.015806988
Worth2_21,8/31/21,w2-831-6.fastq,2_8_31_6,sample,NA,3,Summer,August,no,GGACTCCT-TCTACTCT,Worth2_21,8/31/21,0.01,2,Pbilineatus,8,21,0.011813644
Worth2_21,9/21/21,w2-921-1.fastq,2_9_21_1,sample,NA,3,Fall,September,no,GGACTCCT-CTCCTTAC,Worth2_21,9/21/21,0.7,2,Dlugubris,9,21,0.617803661
Worth2_21,9/21/21,w2-921-10.fastq,2_9_21_10,sample,NA,3,Fall,September,no,TAGGCATG-TATGCAGT,Worth2_21,9/21/21,0.77,2,Dlugubris,9,21,0.02046589
Worth2_21,9/21/21,w2-921-11.fastq,2_9_21_11,sample,NA,3,Fall,September,no,TAGGCATG-TACTCCTT,Worth2_21,9/21/21,0.76,2,Dlugubris,9,21,0.04875208
Worth2_21,9/21/21,w2-921-12.fastq,2_9_21_12,sample,NA,3,Fall,September,no,TAGGCATG-AGGCTTAG,Worth2_21,9/21/21,0.79,2,Dlugubris,9,21,0.018801997
Worth2_21,9/21/21,w2-921-13.fastq,2_9_21_13,sample,NA,3,Fall,September,no,CTCTCTAC-GCGATCTA,Worth2_21,9/21/21,0.75,2,Dlugubris,9,21,0.019134775
Worth2_21,9/21/21,w2-921-14.fastq,2_9_21_14,sample,NA,3,Fall,September,no,CTCTCTAC-ATAGAGAG,Worth2_21,9/21/21,0.8,2,Dlugubris,9,21,0.032279534
Worth2_21,9/21/21,w2-921-2.fastq,2_9_21_2,sample,NA,3,Fall,September,no,GGACTCCT-TATGCAGT,Worth2_21,9/21/21,0.78,2,Dlugubris,9,21,0.009650582
Worth2_21,9/21/21,w2-921-3.fastq,2_9_21_3,sample,NA,3,Fall,September,no,GGACTCCT-TACTCCTT,Worth2_21,9/21/21,0.79,2,Dlugubris,9,21,0.0281198
Worth2_21,9/21/21,w2-921-4.fastq,2_9_21_4,sample,NA,3,Fall,September,no,GGACTCCT-AGGCTTAG,Worth2_21,9/21/21,0.82,2,Dlugubris,9,21,0.013311148
Worth2_21,9/21/21,w2-921-5.fastq,2_9_21_5,sample,NA,3,Fall,September,no,TAGGCATG-GCGATCTA,Worth2_21,9/21/21,0.77,2,Dlugubris,9,21,0.033610649
Worth2_21,9/21/21,w2-921-6.fastq,2_9_21_6,sample,NA,3,Fall,September,no,TAGGCATG-ATAGAGAG,Worth2_21,9/21/21,0.73,2,Dlugubris,9,21,0.015141431
Worth2_21,9/21/21,w2-921-7.fastq,2_9_21_7,sample,NA,3,Fall,September,no,TAGGCATG-AGAGGATA,Worth2_21,9/21/21,0.74,2,Dlugubris,9,21,0.607487521
Worth2_21,9/21/21,w2-921-8.fastq,2_9_21_8,sample,NA,3,Fall,September,no,TAGGCATG-TCTACTCT,Worth2_21,9/21/21,0.79,2,Dlugubris,9,21,0.014642263
Worth2_21,9/21/21,w2-921-9.fastq,2_9_21_9,sample,NA,3,Fall,September,no,TAGGCATG-CTCCTTAC,Worth2_21,9/21/21,0.77,2,Dlugubris,9,21,0.023460899
Worth2_21,9/29/21,w2-929-1.fastq,2_9_29_1,sample,NA,3,Fall,September,no,CTCTCTAC-AGGCTTAG,Worth2_21,9/29/21,0.84,2,Dlugubris,9,21,0.024126456
Worth2_21,9/30/21,w2-930-1.fastq,2_9_30_1,sample,NA,3,Fall,September,no,CAGAGAGG-GCGATCTA,Worth2_21,9/30/21,0.85,2,Dlugubris,9,21,0.575041597
Worth2_21,9/7/21,w2-97-1.fastq,2_9_7_1,sample,NA,3,Summer,September,no,CTCTCTAC-AGAGGATA,Worth2_21,9/7/21,0.85,2,Dlugubris,9,21,0.621131448
Worth2_21,9/7/21,w2-97-2.fastq,2_9_7_2,sample,NA,3,Summer,September,no,CTCTCTAC-TCTACTCT,Worth2_21,9/7/21,0.83,2,Dlugubris,9,21,0.011480865
Worth2_21,9/7/21,w2-97-3.fastq,2_9_7_3,sample,NA,3,Summer,September,no,CTCTCTAC-CTCCTTAC,Worth2_21,9/7/21,0.83,2,Dlugubris,9,21,0.02296173
Worth2_21,9/7/21,w2-97-4.fastq,2_9_7_4,sample,NA,3,Summer,September,no,CTCTCTAC-TATGCAGT,Worth2_21,9/7/21,0.78,2,Dlugubris,9,21,0.009983361
Worth2_21,9/7/21,w2-97-5.fastq,2_9_7_5,sample,NA,3,Summer,September,no,CTCTCTAC-TACTCCTT,Worth2_21,9/7/21,0.85,2,Dlugubris,9,21,0.651414309
Worth2_20,6/29/20,MikeCrossley-UGA-022421-bc1098--bc1174-Q40.fastq,MSC20_10_1_,sample,NA,1,Summer,June,no,NA,Worth2_20,NA,NA,NA,NA,NA,NA,NA
Worth2_20,6/29/20,MikeCrossley-UGA-022421-bc1098--bc1106-Q40.fastq,MSC20_11_1,sample,yes,1,Summer,June,no,NA,Worth2_20,NA,NA,NA,NA,NA,NA,NA
Worth2_20,6/29/20,MikeCrossley-UGA-022421-bc1098--bc1104-Q40.fastq,MSC20_12_1_,sample,NA,1,Summer,June,no,NA,Worth2_20,NA,NA,NA,NA,NA,NA,NA
Worth2_20,6/29/20,MikeCrossley-UGA-022421-bc1099--bc1104-Q40.fastq,MSC20_12_2_,sample,NA,1,Summer,June,no,NA,Worth2_20,NA,NA,NA,NA,NA,NA,NA
Worth2_20,6/29/20,MikeCrossley-UGA-022421-bc1111--bc1174-Q40.fastq,MSC20_13_1_,sample,NA,1,Summer,June,no,NA,Worth2_20,NA,NA,NA,NA,NA,NA,NA
Worth2_20,7/27/20,MikeCrossley-UGA-022421-bc1115--bc1174-Q40.fastq,MSC20_30_1_,sample,NA,1,Summer,July,no,NA,Worth2_20,NA,NA,NA,NA,NA,NA,NA
Worth2_20,8/3/20,MikeCrossley-UGA-022421-bc1099--bc1103-Q40.fastq,MSC20_35_2_,sample,NA,1,Summer,August,no,NA,Worth2_20,NA,NA,NA,NA,NA,NA,NA
Worth2_20,7/6/20,MikeCrossley-UGA-022421-bc1112--bc1169-Q40.fastq,MSC20_38_1_,sample,yes,1,Summer,July,no,NA,Worth2_20,NA,NA,NA,NA,NA,NA,NA
Worth2_20,5/18/20,MikeCrossley-UGA-022421-bc1107--bc1112-Q40.fastq,MSC20_39_1_,sample,NA,1,Spring,May,no,NA,Worth2_20,NA,NA,NA,NA,NA,NA,NA
Worth2_20,6/15/20,MikeCrossley-UGA-022421-bc1100--bc1105-Q40.fastq,MSC20_42_1_,sample,NA,1,Spring,June,no,NA,Worth2_20,NA,NA,NA,NA,NA,NA,NA
Worth2_20,6/22/20,MikeCrossley-UGA-022421-bc1100--bc1169-Q40.fastq,MSC20_43_1_,sample,NA,1,Summer,June,no,NA,Worth2_20,NA,NA,NA,NA,NA,NA,NA
Worth2_20,8/10/20,MikeCrossley-UGA-022421-bc1108--bc1113-Q40.fastq,MSC20_48_1_,sample,yes,1,Summer,August,no,NA,Worth2_20,NA,NA,NA,NA,NA,NA,NA
Worth2_20,6/22/20,MikeCrossley-UGA-022421-bc1097--bc1174-Q40.fastq,MSC20_6_1_,sample,NA,1,Summer,June,no,NA,Worth2_20,NA,NA,NA,NA,NA,NA,NA